{"cameraMode":{"drawMode":0,"name":"Shaded","section":"Shading Mode"},"sceneLighting":false,"audioPlay":false,"sceneViewState":{"showFog":false,"showMaterialUpdate":false,"showSkybox":false,"showFlares":false,"showImageEffects":false,"showParticleSystems":false},"in2DMode":false,"pivot":{"x":-3.0927066802978517,"y":4.188450813293457,"z":-1.130908489227295},"rotation":{"x":0.008611989207565785,"y":0.9867917895317078,"z":0.056002914905548099,"w":-0.15186597406864167},"size":3.5234358310699465,"orthographic":false}